"","k","ss","sil","ch","dunn","eps","minPts"
"1",2,344884.04436719,0.273041421666405,10.2777862236198,0.170833924273451,3.5,10
